{"start_time": 1742327117.911453, "data": [{"request_time": 5.412101745605469e-05, "num_chars": 611, "finished": true, "ttft": 2.500398635864258, "finish_time": 4.377913951873779}, {"request_time": 249.9967098236084, "num_chars": 1125, "finished": true, "ttft": 2.713870048522949, "finish_time": 255.47635579109192}, {"request_time": 499.99755597114563, "num_chars": 395, "finished": true, "ttft": 2.2941901683807373, "finish_time": 503.7791018486023}, {"request_time": 749.9981389045715, "num_chars": 1400, "finished": true, "ttft": 2.5767500400543213, "finish_time": 756.2294127941132}]}