{"start_time": 1742346050.700207, "data": [{"request_time": 5.2928924560546875e-05, "num_chars": 173, "finished": true, "ttft": 1.3149158954620361, "finish_time": 2.2105517387390137}, {"request_time": 249.99409675598145, "num_chars": 411, "finished": true, "ttft": 2.0990490913391113, "finish_time": 255.22806978225708}, {"request_time": 499.9949457645416, "num_chars": 1173, "finished": true, "ttft": 1.2093350887298584, "finish_time": 505.17599081993103}, {"request_time": 749.9958758354187, "num_chars": 1451, "finished": true, "ttft": 1.2021119594573975, "finish_time": 754.8078148365021}]}