{"start_time": 1742338256.788503, "data": [{"request_time": 5.412101745605469e-05, "num_chars": 1463, "finished": true, "ttft": 0.14768195152282715, "finish_time": 3.8756580352783203}, {"request_time": 249.99471926689148, "num_chars": 965, "finished": true, "ttft": 1.297860860824585, "finish_time": 253.90352725982666}, {"request_time": 499.9965171813965, "num_chars": 328, "finished": true, "ttft": 2.0774710178375244, "finish_time": 505.10527992248535}, {"request_time": 750.0066161155701, "num_chars": 276, "finished": true, "ttft": 1.22462797164917, "finish_time": 752.3956432342529}]}