{"start_time": 1742336416.510956, "data": [[4.38690185546875e-05, 12, 0.01567754471911479, 459489280], [10.000043869018555, 12, 0.8471889036237453, 1719492608], [20.000043869018555, 12, 1.1592002358780964, 2404909056], [30.000043869018555, 12, 3.84265694018566, 5428211712], [40.000043869018555, 12, 5.34960075918135, 6797119488], [50.000043869018555, 12, 6.533273247001548, 10065977344], [60.000043869018555, 12, 10.12814211918323, 14595538944], [70.00004386901855, 12, 14.158808381018705, 15979659264], [80.00004386901855, 12, 20.25103163487959, 16023138304], [90.00004386901855, 12, 28.60462034832789, 16062017536], [100.00004386901855, 12, 39.317866254375296, 16116314112], [110.00004386901855, 12, 52.86193358667923, 16186433536], [120.00004386901855, 12, 64.6918252752597, 16268853248], [130.00004386901855, 12, 73.12980349040969, 16342913024], [140.00004386901855, 12, 87.29107678270883, 16452407296], [150.00004386901855, 12, 100.03663738530373, 16550481920], [160.00004386901855, 12, 114.04252169329249, 16657125376], [170.00004386901855, 12, 132.70140236804394, 16824094720], [180.00004386901855, 12, 146.17215406722906, 16890015744], [190.00004386901855, 12, 159.02762549242286, 17019133952], [200.00004386901855, 12, 181.59426094333242, 17143001088], [210.00004386901855, 12, 200.4676985233863, 17284812800], [220.00004386901855, 12, 220.36351474816465, 17372233728], [230.00004386901855, 12, 242.2012188303142, 17482006528], [240.00004386901855, 12, 250.7346192894487, 17623375872], [250.00004386901855, 12, 268.356781943484, 17793605632], [260.00004386901855, 12, 280.07070458137747, 17902604288], [270.00004386901855, 12, 291.2387335039646, 18024812544], [280.00004386901855, 12, 285.09368251351157, 18127052800], [290.00004386901855, 12, 290.9439626123031, 18215915520], [300.00004386901855, 12, 295.59688529605256, 18341888000], [310.00004386901855, 12, 297.0237168590598, 18432872448], [320.00004386901855, 12, 299.9166056235996, 18504314880], [330.00004386901855, 12, 283.1184277735785, 18610618368], [340.00004386901855, 12, 293.08744682183465, 18729328640], [350.00004386901855, 12, 290.5542924883956, 18840907776], [360.00004386901855, 12, 294.8654848413832, 18860650496], [370.00004386901855, 12, 289.7825269724933, 18895458304], [380.00004386901855, 12, 294.50608677243724, 18927403008], [390.00004386901855, 12, 295.2934919004003, 18949193728], [400.00004386901855, 12, 288.9813486839065, 19018788864], [410.00004386901855, 12, 281.89603690628167, 19077451776], [420.00004386901855, 12, 282.3555590872556, 19101335552], [430.00004386901855, 12, 269.25853836803236, 19113070592], [440.00004386901855, 12, 252.73623330128703, 19124068352], [450.00004386901855, 12, 232.35737493173815, 19072847872], [460.00004386901855, 12, 217.67325870763523, 19104927744], [470.00004386901855, 12, 217.35576199644663, 19160158208], [480.00004386901855, 12, 202.38634777019774, 19213688832], [490.00004386901855, 12, 190.5561165999736, 19235409920], [500.00004386901855, 12, 179.5090480631514, 19218673664], [510.00004386901855, 12, 157.51459659170163, 19264868352], [520.0000438690186, 12, 132.19103036658916, 19279765504], [530.0000438690186, 12, 119.91433287527241, 19300913152], [540.0000438690186, 12, 90.38492528282175, 19304714240], [550.0000438690186, 12, 79.46792431193909, 19314073600], [560.0000438690186, 12, 62.8972321254289, 19286978560], [570.0000438690186, 12, 48.58447484059906, 19276017664], [580.0000438690186, 12, 33.57404682511468, 19276603392], [590.0000438690186, 12, 25.46401649943653, 19263852544], [600.0000438690186, 12, 15.874605393815818, 19257008128], [610.0000438690186, 12, 12.545835675985922, 19243671552], [620.0000438690186, 12, 9.124821435548895, 19221721088], [630.0000438690186, 12, 6.064047749702695, 19203928064], [640.0000438690186, 12, 7.801963591784006, 19193827328], [650.0000438690186, 12, 12.488263466866323, 19190575104], [660.0000438690186, 12, 13.686832302531156, 19191820288], [670.0000438690186, 12, 23.417779304748763, 19194499072], [680.0000438690186, 12, 31.77930795479521, 19187892224], [690.0000438690186, 12, 39.25063032413915, 19196231680], [700.0000438690186, 12, 45.74219251933865, 19205595136], [710.0000438690186, 12, 60.54766788514626, 19215597568], [720.0000438690186, 12, 74.6438282885257, 19241349120], [730.0000438690186, 12, 96.27124311599997, 19272667136], [740.0000438690186, 12, 118.88769481388486, 19313102848], [750.0000438690186, 12, 137.46996204234162, 19330985984], [760.0000438690186, 12, 151.61078942172188, 19348561920], [770.0000438690186, 12, 170.39795280693215, 19391598592], [780.0000438690186, 12, 177.21298265484683, 19466842112], [790.0000438690186, 12, 193.53544394440377, 19520139264], [800.0000438690186, 12, 217.39327455240624, 19566489600], [810.0000438690186, 12, 225.69439620254897, 19582283776], [820.0000438690186, 12, 243.5667305174194, 19633684480], [830.0000438690186, 12, 249.20687799000953, 19700457472], [840.0000438690186, 12, 252.2199836509188, 19759296512], [850.0000438690186, 12, 263.28020013760164, 19854036992], [860.0000438690186, 12, 263.9839497006338, 19955539968], [870.0000438690186, 12, 270.9109555896299, 20028559360], [880.0000438690186, 12, 283.6890095196647, 20039254016], [890.0000438690186, 12, 281.40795702515726, 20100538368], [900.0000438690186, 12, 288.85326067841487, 20187877376], [910.0000438690186, 12, 295.4201874866933, 20249968640], [920.0000438690186, 12, 294.2815279105766, 20250087424], [930.0000438690186, 12, 298.28719125240275, 20302540800], [940.0000438690186, 12, 297.9330705449429, 20297367552], [950.0000438690186, 12, 293.22359851079017, 20365869056], [960.0000438690186, 12, 285.2691091376505, 20408770560], [970.0000438690186, 12, 289.8200030010124, 20441653248], [980.0000438690186, 12, 291.38216453790534, 20474208256], [990.0000438690186, 12, 281.5548205431067, 20485525504], [1000.0000438690186, 12, 285.43460575558396, 20467265536], [1010.0000438690186, 12, 279.1288441596543, 20383674368], [1020.0000438690186, 12, 283.0784756342279, 20429402112], [1030.0000438690186, 12, 279.7791360530371, 20494024704], [1040.0000438690186, 12, 257.5999365458933, 20519292928], [1050.0000438690186, 12, 256.37519000165105, 20493164544], [1060.0000438690186, 12, 242.7908861618003, 20504035328], [1070.0000438690186, 12, 227.1889912071258, 20538093568], [1080.0000438690186, 12, 218.20196660590327, 20508971008], [1090.0000438690186, 12, 208.47585697317658, 20528013312], [1100.0000438690186, 12, 173.41269554305376, 20549189632], [1110.0000438690186, 12, 156.57506838312156, 20576776192], [1120.0000438690186, 12, 139.19540176572409, 20498980864], [1130.0000438690186, 12, 123.47840090483277, 20469993472], [1140.0000438690186, 12, 113.0490365693703, 20416454656], [1150.0000438690186, 12, 101.43814398383428, 20394831872], [1160.0000438690186, 12, 88.02884730053455, 20376485888], [1170.0000438690186, 12, 78.32421955842511, 20369526784], [1180.0000438690186, 12, 63.12712032017187, 20363165696], [1190.0000438690186, 12, 51.84316064231751, 20355145728], [1200.0000438690186, 12, 42.06506025695298, 20347674624], [1210.0000438690186, 12, 40.332824283644705, 20310052864], [1220.0000438690186, 12, 31.463765939555753, 20305051648], [1230.0000438690186, 12, 30.57584187442869, 20299608064], [1240.0000438690186, 12, 32.32994283700922, 20271415296], [1250.0000438690186, 12, 35.63330866677303, 20213641216], [1260.0000438690186, 12, 44.371498473095734, 20210999296], [1270.0000438690186, 12, 52.47035372571991, 20216631296], [1280.0000438690186, 12, 60.16474781631867, 20213657600], [1290.0000438690186, 12, 66.7921408930576, 20219707392], [1300.0000438690186, 12, 82.54733718938652, 20236156928], [1310.0000438690186, 12, 94.96568094647039, 20243271680], [1320.0000438690186, 12, 117.31266240446955, 20242575360], [1330.0000438690186, 12, 133.8729616463416, 20257325056], [1340.0000438690186, 12, 145.69398811084275, 20278865920], [1350.0000438690186, 12, 160.0939517783894, 20309532672], [1360.0000438690186, 12, 165.2624844669877, 20338544640], 