{"start_time": 1742346050.700207, "data": [[-0.00020694732666015625, 8, 0.058932585123881207, 4600713216], [9.99979305267334, 8, 0.24717939629353608, 3770953728], [19.99979305267334, 8, 0.37376423577996254, 3590696960], [29.99979305267334, 8, 0.37359419701787133, 2762240000], [39.99979305267334, 8, 0.34273381341599135, 2761453568], [49.99979305267334, 8, 0.3156502625102042, 2761875456], [59.99979305267334, 8, 0.01718245098561608, 2761539584], [69.99979305267334, 8, 0.014096684389841688, 2762612736], [79.99979305267334, 8, 0.01450304245393366, 2762424320], [89.99979305267334, 8, 0.013850921353038241, 2762436608], [99.99979305267334, 8, 0.013799813606167742, 2760855552], [109.99979305267334, 8, 0.013445147349488911, 2760839168], [119.99979305267334, 8, 0.012956321982499389, 2761535488], [129.99979305267334, 8, 0.013331508210607952, 2762633216], [139.99979305267334, 8, 0.013320288416816773, 2759704576], [149.99979305267334, 8, 0.01283437449706123, 2757636096], [159.99979305267334, 8, 0.013223993240173188, 2758041600], [169.99979305267334, 8, 0.012828454208797706, 2757824512], [179.99979305267334, 8, 0.01362909948973138, 2757136384], [189.99979305267334, 8, 0.014102740105024394, 2757595136], [199.99979305267334, 8, 0.014955369768962536, 2759110656], [209.99979305267334, 8, 0.014433443875131055, 2758635520], [219.99979305267334, 8, 0.013892497736198016, 2758467584], [229.99979305267334, 8, 0.013069699674132422, 2756968448], [239.99979305267334, 8, 0.012932087588096355, 2757767168], [249.99979305267334, 8, 0.012508213461052908, 2757484544], [259.99979305267334, 8, 0.7856153298073927, 4046712832], [269.99979305267334, 8, 0.6925598359759484, 4051271680], [279.99979305267334, 8, 0.7986731322131672, 4051402752], [289.99979305267334, 8, 0.8265576394327069, 4051554304], [299.99979305267334, 8, 0.02187743807083895, 4051783680], [309.99979305267334, 8, 0.021211719582105396, 4051787776], [319.99979305267334, 8, 0.01877118982180782, 2894061568], [329.99979305267334, 8, 0.020004724016461684, 2894106624], [339.99979305267334, 8, 0.01825313472666073, 2894393344], [349.99979305267334, 8, 0.018851308863602294, 2894471168], [359.99979305267334, 8, 0.015064894985706272, 2894450688], [369.99979305267334, 8, 0.012855894733618804, 2895011840], [379.99979305267334, 8, 0.012938497274326548, 2895581184], [389.99979305267334, 8, 0.013150634215635844, 2892955648], [399.99979305267334, 8, 0.01326667406850028, 2891980800], [409.99979305267334, 8, 0.012791704047901207, 2892652544], [419.99979305267334, 8, 0.013192956905399547, 2890469376], [429.99979305267334, 8, 0.012289442860796251, 2890477568], [439.99979305267334, 8, 0.01318587177236725, 2890592256], [449.99979305267334, 8, 0.013522727429110162, 2890473472], [459.99979305267334, 8, 0.012883690974317167, 2891628544], [469.99979305267334, 8, 0.012266259622551035, 2891378688], [479.99979305267334, 8, 0.012220849418351783, 2891149312], [489.99979305267334, 8, 0.012548681280364888, 2891079680], [499.99979305267334, 8, 0.013188240244459132, 2890911744], [509.99979305267334, 8, 0.8176084408981747, 4121333760], [519.9997930526733, 8, 1.9575979315045284, 4185104384], [529.9997930526733, 8, 1.833172548030527, 4184465408], [539.9997930526733, 8, 1.7232197126196582, 4185329664], [549.9997930526733, 8, 1.5421220463763436, 4184133632], [559.9997930526733, 8, 0.827666383386486, 3607207936], [569.9997930526733, 8, 0.02392623939245732, 3029114880], [579.9997930526733, 8, 0.026033993199814524, 3029090304], [589.9997930526733, 8, 0.025092064843840856, 3029434368], [599.9997930526733, 8, 0.024263648737055714, 3029897216], [609.9997930526733, 8, 0.012025593372519825, 3027775488], [619.9997930526733, 8, 0.01311393420598409, 3028910080], [629.9997930526733, 8, 0.013365747014725963, 3028201472], [639.9997930526733, 8, 0.013422696679237624, 3028094976], [649.9997930526733, 8, 0.013552895043024475, 3024388096], [659.9997930526733, 8, 0.013671399952165814, 3024363520], [669.9997930526733, 8, 0.013450525426223377, 3023323136], [679.9997930526733, 8, 0.012932606588587298, 3023400960], [689.9997930526733, 8, 0.012620004502581529, 3023540224], [699.9997930526733, 8, 0.012470433219330897, 3023159296], [709.9997930526733, 8, 0.011673094442835683, 3023437824], [719.9997930526733, 8, 0.011659380721578596, 3023310848], [729.9997930526733, 8, 0.011555989637032433, 3022921728], [739.9997930526733, 8, 0.012520427283089577, 3023065088], [749.9997930526733, 8, 0.012864415279089728, 3023507456], [759.9997930526733, 8, 0.9310596976237444, 3673374720], [769.9997930526733, 8, 2.2714129157722263, 4322406400], [779.9997930526733, 8, 2.436816936024409, 4322734080], [789.9997930526733, 8, 2.137305116407922, 4321505280], [799.9997930526733, 8, 2.483266250373336, 4321370112], [809.9997930526733, 8, 0.015494962768090842, 3743117312], [819.9997930526733, 8, 0.01463677222441104, 3743117312], [829.9997930526733, 8, 0.016868289749453282, 3164012544], [839.9997930526733, 8, 0.017596409264402455, 3164733440], [849.9997930526733, 8, 0.017829501862812566, 3165822976], [859.9997930526733, 8, 0.01491768192033559, 3165257728], [869.9997930526733, 8, 0.012668169653600979, 3164004352], [879.9997930526733, 8, 0.013220264710470005, 3165327360], [889.9997930526733, 8, 0.013858891129905309, 3162288128], [899.9997930526733, 8, 0.014291809547656246, 3161956352], [909.9997930526733, 8, 0.01461227714104522, 3161587712], [919.9997930526733, 8, 0.014279871561284305, 3160981504], [929.9997930526733, 8, 0.013266923957775971, 3161124864], [939.9997930526733, 8, 0.012955239661327602, 3161124864], [949.9997930526733, 8, 0.012077638850990335, 3160117248], [959.9997930526733, 8, 0.011331422180649033, 3160145920]]}
