{"start_time": 1742347165.10507, "data": [[-7.009506225585938e-05, 8, 0.011822270331412055, 2000764928], [9.999929904937744, 8, 2.7578129135564144, 5123682304], [19.999929904937744, 8, 11.627437297957158, 10336694272], [29.999929904937744, 8, 21.17086534912817, 12321972224], [39.999929904937744, 8, 31.59812448774071, 12371263488], [49.999929904937744, 8, 43.43419483297332, 12411346944], [59.999929904937744, 8, 40.818874209336535, 12436115456], [69.99992990493774, 8, 41.540072146941334, 12465491968], [79.99992990493774, 8, 44.2316600427516, 12522471424], [89.99992990493774, 8, 43.54783419344621, 12554231808], [99.99992990493774, 8, 47.960918687810505, 12588351488], [109.99992990493774, 8, 52.280822179222824, 12623753216], [119.99992990493774, 8, 53.38791173954006, 12677304320], [129.99992990493774, 8, 52.01442296694066, 12704358400], [139.99992990493774, 8, 50.686588956253885, 12726534144], [149.99992990493774, 8, 47.75523464414275, 12748300288], [159.99992990493774, 8, 51.874742577381056, 12777865216], [169.99992990493774, 8, 54.86051491631731, 12791021568], [179.99992990493774, 8, 56.18648407766282, 12817653760], [189.99992990493774, 8, 54.14174427230964, 12836167680], [199.99992990493774, 8, 49.583042456827876, 12867104768], [209.99992990493774, 8, 45.60993555120402, 12890951680], [219.99992990493774, 8, 43.94113840372671, 12916129792], [229.99992990493774, 8, 43.36024575999074, 12936028160], [239.99992990493774, 8, 41.65701143425662, 12985802752], [249.99992990493774, 8, 40.92129320516589, 13005021184], [259.99992990493774, 8, 48.54456413528727, 13031518208], [269.99992990493774, 8, 79.3602928964583, 13274886144], [279.99992990493774, 8, 107.67675915754437, 13424046080], [289.99992990493774, 8, 135.5108783426188, 13557993472], [299.99992990493774, 8, 168.9751697135118, 13656887296], [309.99992990493774, 8, 170.5902415580732, 13760024576], [319.99992990493774, 8, 174.28064397845537, 13736472576], [329.99992990493774, 8, 146.14202659347288, 13721022464], [339.99992990493774, 8, 126.17580220586707, 13719052288], [349.99992990493774, 8, 103.47757530347774, 13701832704], [359.99992990493774, 8, 82.24211094569937, 13700456448], [369.99992990493774, 8, 72.33885804148603, 13723467776], [379.99992990493774, 8, 74.28467352311968, 13728174080], [389.99992990493774, 8, 76.62697156214738, 13740179456], [399.99992990493774, 8, 78.65051090248552, 13772926976], [409.99992990493774, 8, 74.71372943406621, 13784084480], [419.99992990493774, 8, 70.82641635173968, 13817561088], [429.99992990493774, 8, 69.87814273311453, 13777915904], [439.99992990493774, 8, 69.78348198536439, 13767380992], [449.99992990493774, 8, 66.25093406143199, 13788299264], [459.99992990493774, 8, 67.12469433114164, 13803126784], [469.99992990493774, 8, 69.2451259213548, 13813501952], [479.99992990493774, 8, 63.00287192239238, 13822705664], [489.99992990493774, 8, 60.16745121092771, 13832105984], [499.99992990493774, 8, 60.91642493086083, 13848612864], [509.99992990493774, 8, 58.97639233717195, 13856755712], [519.9999299049377, 8, 59.45126292473258, 13863882752], [529.9999299049377, 8, 58.21822950082481, 13889257472], [539.9999299049377, 8, 61.9448675499021, 13896622080], [549.9999299049377, 8, 55.9534881964637, 13898051584], [559.9999299049377, 8, 63.94430485809163, 13925875712], [569.9999299049377, 8, 79.00479730248941, 14035193856], [579.9999299049377, 8, 112.76326974202406, 14168117248], [589.9999299049377, 8, 142.01910513304384, 14253416448], [599.9999299049377, 8, 166.06363855098508, 14339452928], [609.9999299049377, 8, 177.31018197299142, 14408400896], [619.9999299049377, 8, 174.5812806028544, 14438879232], [629.9999299049377, 8, 153.0720595062378, 14419329024], [639.9999299049377, 8, 129.78239661201965, 14418132992], [649.9999299049377, 8, 105.44612553919328, 14419062784], [659.9999299049377, 8, 76.25516606198467, 14430695424], [669.9999299049377, 8, 61.307089653073106, 14421315584], [679.9999299049377, 8, 50.56279104325985, 14432223232], [689.9999299049377, 8, 47.0901496745874, 14452948992], [699.9999299049377, 8, 48.05229316088358, 14476697600], [709.9999299049377, 8, 48.256704512469184, 14466572288], [719.9999299049377, 8, 48.22667628276141, 14382305280], [729.9999299049377, 8, 56.071983550740455, 14374588416], [739.9999299049377, 8, 57.268129809249736, 14323372032], [749.9999299049377, 8, 55.188145887425605, 14304149504], [759.9999299049377, 8, 63.57806487304916, 14277292032], [769.9999299049377, 8, 62.85699475071015, 14283808768], [779.9999299049377, 8, 63.693974965791575, 14249984000], [789.9999299049377, 8, 63.3430891455636, 14225620992], [799.9999299049377, 8, 58.96125459337242, 14235996160], [809.9999299049377, 8, 60.154446199985266, 14254424064], [819.9999299049377, 8, 57.353398922650726, 14265524224], [829.9999299049377, 8, 57.005967079169295, 14269251584], [839.9999299049377, 8, 59.18141550402945, 14289670144], [849.9999299049377, 8, 57.275654732743284, 14276517888], [859.9999299049377, 8, 67.90944386418545, 14297821184], [869.9999299049377, 8, 93.50266082516735, 14379405312], [879.9999299049377, 8, 117.88753130482992, 14468300800], [889.9999299049377, 8, 142.31616129147676, 14521540608], [899.9999299049377, 8, 168.5884081896274, 14565081088], [909.9999299049377, 8, 176.30301372093265, 14619975680], [919.9999299049377, 8, 168.28150874847128, 14696267776], [929.9999299049377, 8, 160.0128521913058, 14699675648], [939.9999299049377, 8, 130.02244661954285, 14699692032], [949.9999299049377, 8, 112.37110853217438, 14695444480], [959.9999299049377, 8, 80.8287485290898, 14685978624], [969.9999299049377, 8, 70.49747665468998, 14691938304], [979.9999299049377, 8, 61.59564962749035, 14633451520], [989.9999299049377, 8, 65.20316625258181, 14571225088], [999.9999299049377, 8, 61.44560404781121, 14575296512], [1009.9999299049377, 8, 59.14721973030852, 14578642944], [1019.9999299049377, 8, 62.86904923807296, 14541230080], [1029.9999299049377, 8, 70.20819946315467, 14550601728], [1039.9999299049377, 8, 73.03343884477052, 14561177600], [1049.9999299049377, 8, 71.10662317238416, 14558822400], [1059.9999299049377, 8, 67.89247056918522, 14562938880], [1069.9999299049377, 8, 61.35197981103231, 14583894016], [1079.9999299049377, 8, 60.44547074062472, 14596288512], [1089.9999299049377, 8, 61.01554526392592, 14604242944], [1099.9999299049377, 8, 69.47529133773365, 14604636160], [1109.9999299049377, 8, 73.67123598151194, 14605721600], [1119.9999299049377, 8, 71.82253291778652, 14610116608], [1129.9999299049377, 8, 69.46924910550047, 14618365952], [1139.9999299049377, 8, 70.20891373904038, 14622941184], [1149.9999299049377, 8, 65.73235074707678, 14598680576], [1159.9999299049377, 8, 56.78878133242099, 14594936832], [1169.9999299049377, 8, 49.029181761325184, 14590648320], [1179.9999299049377, 8, 31.34944436694934, 14589964288], [1189.9999299049377, 8, 11.218423761916547, 14590345216], [1199.9999299049377, 8, 3.2088522177337344, 14590427136], [1209.9999299049377, 8, 0.012313337483409546, 14591090688], [1219.9999299049377, 8, 0.012402902875166221, 14590447616], [1229.9999299049377, 8, 0.013368606286197458, 14587322368], [1239.9999299049377, 8, 0.014074115848275962, 14586408960], [1249.9999299049377, 8, 0.014598105331702619, 14584569856], [1259.9999299049377, 8, 0.014419553773110145, 14583459840], [1269.9999299049377, 8, 0.014208844608666032, 14580432896], [1279.9999299049377, 8, 0.015145873673913303, 14561984512], [1289.9999299049377, 8, 0.015042095894153581, 14545244160], [1299.9999299049377, 8, 0.015288743175659116, 14533648384], [1309.9999299049377, 8, 0.015557139536815154, 14530428928], [1319.9999299049377, 8, 0.014453499508034389, 14529728512], [1329.9999299049377, 8, 0.012821999988983581, 14529929216], [1339.9999299049377, 8, 0.012830850037774006, 14529232896]]}
