{"start_time": 1742323514.741567, "data": [[0.00043320655822753906, 0, 0.0, 0], [10.000433206558228, 0, 0.0, 917504], [20.000433206558228, 1, 0.9291416062702524, 668041216], [30.000433206558228, 1, 1.2500869147183296, 1341923328], [40.00043320655823, 1, 2.9235738494809556, 1344847872], [50.00043320655823, 1, 6.715007706335428, 1364537344], [60.00043320655823, 1, 9.021440591136306, 1381265408], [70.00043320655823, 1, 14.42326216368064, 1410695168], [80.00043320655823, 2, 19.227845069299303, 1444339712], [90.00043320655823, 2, 25.70499011032854, 2820288512], [100.00043320655823, 2, 27.19454800859255, 2835767296], [110.00043320655823, 3, 37.730240273260755, 2892750848], [120.00043320655823, 3, 44.24074835372548, 4278587392], [130.00043320655823, 3, 55.74969793308373, 4371472384], [140.00043320655823, 6, 56.537823093589516, 4392468480], [150.00043320655823, 6, 64.31522067759965, 7895609344], [160.00043320655823, 6, 76.1206997911964, 9966776320], [170.00043320655823, 6, 94.09160288319109, 8684617728], [180.00043320655823, 6, 106.25846077247668, 9460191232], [190.00043320655823, 6, 122.13132959281361, 10245296128], [200.00043320655823, 9, 143.3342822656021, 13015273472], [210.00043320655823, 9, 153.05330482064292, 13134442496], [220.00043320655823, 9, 157.63703328748167, 14569897984], [230.00043320655823, 10, 169.57470105962938, 13360766976], [240.00043320655823, 10, 184.97827533527308, 14881591296], [250.00043320655823, 10, 196.64281524985154, 14939971584], [260.0004332065582, 11, 207.1982465149099, 16380096512], [270.0004332065582, 11, 224.41886268608985, 16486559744], [280.0004332065582, 11, 241.86791946914832, 17281142784], [290.0004332065582, 12, 267.0780810877535, 18088222720], [300.0004332065582, 12, 279.8312083020195, 18188156928], [310.0004332065582, 12, 289.2307617807453, 18367770624], [320.0004332065582, 12, 295.01422960118634, 18482331648], [330.0004332065582, 12, 299.4527886141457, 18559053824], [340.0004332065582, 12, 298.89766826693574, 18622160896], [350.0004332065582, 12, 298.41000106928675, 18646167552], [360.0004332065582, 12, 294.87882925953835, 18688479232], [370.0004332065582, 12, 293.7358896469103, 18733580288], [380.0004332065582, 12, 293.14661208279813, 18771959808], [390.0004332065582, 12, 297.76209961773014, 18833575936], [400.0004332065582, 12, 278.30386750295423, 18845908992], [410.0004332065582, 12, 276.63265214585317, 18898030592], [420.0004332065582, 12, 263.7401983469013, 18869641216], [430.0004332065582, 12, 244.34535651285515, 18912538624], [440.0004332065582, 11, 229.4090749894618, 17460228096], [450.0004332065582, 11, 215.33281639628183, 15949815808], [460.0004332065582, 11, 199.1661700574199, 16020189184], [470.0004332065582, 9, 179.29571763489878, 14391554048], [480.0004332065582, 9, 162.35450994477205, 12899577856], [490.0004332065582, 9, 142.0060455229417, 11264733184], [500.0004332065582, 7, 133.50533484034028, 11279765504], [510.0004332065582, 7, 123.63492531507121, 11288297472], [520.0004332065582, 7, 99.87354004361663, 9741856768], [530.0004332065582, 6, 84.50344180829731, 9758371840], [540.0004332065582, 6, 79.29024206046843, 8093265920], [550.0004332065582, 6, 69.52283148843205, 6477778944], [560.0004332065582, 4, 64.92628046949953, 6483902464], [570.0004332065582, 4, 58.370961691218284, 6484869120], [580.0004332065582, 4, 45.15113529825704, 6481063936], [590.0004332065582, 3, 38.77208217344232, 4756836352], [600.0004332065582, 3, 24.016954550348903, 4755173376], [610.0004332065582, 3, 19.982403826544754, 4751728640], [620.0004332065582, 2, 14.048982132664126, 4752297984], [630.0004332065582, 2, 12.757886742842944, 3046490112], [640.0004332065582, 2, 9.497107550725461, 1532284928], [650.0004332065582, 1, 10.198124664708033, 1542328320], [660.0004332065582, 1, 11.002325005884057, 1543434240], [670.0004332065582, 1, 13.765552047499733, 2890874880], [680.0004332065582, 2, 22.011723161041715, 2931630080], [690.0004332065582, 2, 27.029982223763596, 3610865664], [700.0004332065582, 2, 31.57467146295276, 4314759168], [710.0004332065582, 3, 37.505439419001995, 4376760320], [720.0004332065582, 3, 46.214639687348324, 4430254080], [730.0004332065582, 3, 44.973200637880296, 3778220032], [740.0004332065582, 8, 51.19364218653606, 6504841216], [750.0004332065582, 8, 57.70223851991528, 10569347072], [760.0004332065582, 8, 83.70299479589156, 11319324672], [770.0004332065582, 8, 107.43885312495438, 11453112320], [780.0004332065582, 8, 130.31743745214106, 11558281216], [790.0004332065582, 8, 150.48705183318333, 11660902400], [800.0004332065582, 12, 169.0620712059383, 13811515392], [810.0004332065582, 12, 172.10556549455924, 13119373312], [820.0004332065582, 12, 184.70033558545467, 16104378368], [830.0004332065582, 10, 192.04142682052887, 12004810752], [840.0004332065582, 10, 193.25804204921081, 14150676480], [850.0004332065582, 10, 211.35369767633455, 16280113152], [860.0004332065582, 12, 235.48266302802196, 16425398272], [870.0004332065582, 12, 241.8063828518497, 17172377600], [880.0004332065582, 12, 269.052916245201, 17886281728], [890.0004332065582, 12, 277.8457815648796, 18034540544], [900.0004332065582, 12, 286.6984262145185, 18175913984], [910.0004332065582, 12, 293.93772115928385, 18283724800], [920.0004332065582, 12, 297.4001807186546, 18354556928], [930.0004332065582, 12, 292.6283508949403, 18433892352], [940.0004332065582, 12, 297.65442517999696, 18550116352], [950.0004332065582, 12, 292.33904314501643, 18647105536], [960.0004332065582, 12, 299.9931572582478, 18752757760], [970.0004332065582, 12, 295.5929048503778, 18813210624], [980.0004332065582, 12, 292.64729558569286, 18830696448], [990.0004332065582, 12, 292.48185033161934, 18914897920], [1000.0004332065582, 12, 289.81427862239184, 18890432512], [1010.0004332065582, 12, 279.7950520675594, 18904629248], [1020.0004332065582, 12, 274.8838115679661, 18919206912], [1030.0004332065582, 12, 253.2156802067488, 18980343808], [1040.0004332065582, 11, 232.94944198864337, 17422106624], [1050.0004332065582, 11, 214.4255761255635, 17520197632], [1060.0004332065582, 11, 185.4648938268199, 16000974848], [1070.0004332065582, 9, 176.29591007922747, 14497689600], [1080.0004332065582, 9, 147.37513589352568, 12880572416], [1090.0004332065582, 9, 139.46570358538867, 12893581312], [1100.0004332065582, 7, 122.47389722967287, 11319164928], [1110.0004332065582, 7, 100.6337481007598, 9751298048], [1120.0004332065582, 7, 89.9661245876567, 9773953024], [1130.0004332065582, 6, 84.19229160905027, 9763549184], [1140.0004332065582, 6, 73.51422832886068, 8138772480], [1150.0004332065582, 6, 60.37451406119188, 6578733056], [1160.0004332065582, 4, 45.98209184637682, 6602272768], [1170.0004332065582, 4, 35.818865715749354, 6608371712], [1180.0004332065582, 4, 28.202428659420136, 4872478720], [1190.0004332065582, 3, 24.431188740466016, 4871168000], [1200.0004332065582, 3, 19.022217956548165, 3258261504], [1210.0004332065582, 3, 12.893765492992772, 3258777600], [1220.0004332065582, 2, 10.01599028445296, 3248619520], [1230.0004332065582, 2, 7.758809556829361, 1614888960], [1240.0004332065582, 2, 7.3204078750719415, 1617952768], [1250.0004332065582, 2, 9.44075065781109, 1624076288], [1260.0004332065582, 2, 11.466646244433086, 2964180992], [1270.0004332065582, 2, 12.799975036275049, 2983120896], [1280.0004332065582, 2, 18.905793537991958, 3002322944], [1290.0004332065582, 2, 22.037102118680416, 3029770240], [1300.0004332065582, 2, 28.822892193874136, 3733032960], [1310.0004332065582, 3, 33.70457357314219, 4454907904], [1320.0004332065582, 3, 37.10430662796744, 4482215936], [1330.0004332065582, 3, 45.30142281167759, 8589447168], [1340.0004332065582, 5, 55.90197409952985, 7982891008], [1350.0004332065582, 5, 73.62929067590208, 7395155968], [1360.0004332065582, 5, 85.22296494049279, 7480094720], [1370.0004332065582, 7, 98.7858010443605, 8268845056], [1380.0004332065582, 7, 109.36942000768337, 8784551936], [1390.0004332065582, 7, 111.78249742518933, 8924848128], [1400.0004332065582, 10, 116.02461609292057, 