{"start_time": 1742343957.3679302, "data": [[6.985664367675781e-05, 8, 0.01334771938080407, 11415494656], [10.000069856643677, 8, 0.6990575410162384, 11417518080], [20.000069856643677, 8, 2.5778034484715806, 11426217984], [30.000069856643677, 8, 5.193089505387377, 11430039552], [40.00006985664368, 8, 6.308041947339116, 11422879744], [50.00006985664368, 8, 10.359382311877907, 11412217856], [60.00006985664368, 8, 11.809125515401728, 11403513856], [70.00006985664368, 8, 17.40928312400695, 11411861504], [80.00006985664368, 8, 28.85796743903199, 11441795072], [90.00006985664368, 8, 43.310684847306085, 11463852032], [100.00006985664368, 8, 53.80143123023051, 11495944192], [110.00006985664368, 8, 67.32753816516272, 11529211904], [120.00006985664368, 8, 77.78886900829822, 11598258176], [130.00006985664368, 8, 88.38638870107691, 11656294400], [140.00006985664368, 8, 106.11973641586647, 11728457728], [150.00006985664368, 8, 120.18359133414673, 11819307008], [160.00006985664368, 8, 128.80467949394478, 11835990016], [170.00006985664368, 8, 140.51343627794154, 11883008000], [180.00006985664368, 8, 148.72156308446603, 11948474368], [190.00006985664368, 8, 160.5839120339563, 12064829440], [200.00006985664368, 8, 169.13466442264047, 12150145024], [210.00006985664368, 8, 167.77879412222956, 12204199936], [220.00006985664368, 8, 169.6505532060395, 12283731968], [230.00006985664368, 8, 173.23393688208478, 12405506048], [240.00006985664368, 8, 176.5641427228468, 12407517184], [250.00006985664368, 8, 177.16263664870561, 12507820032], [260.0000698566437, 8, 181.3317707209443, 12567695360], [270.0000698566437, 8, 178.53980741727983, 12704665600], [280.0000698566437, 8, 174.97605537217763, 12681400320], [290.0000698566437, 8, 178.41925430576543, 12753149952], [300.0000698566437, 8, 180.65933846345496, 12819750912], [310.0000698566437, 8, 180.90898130476404, 12936048640], [320.0000698566437, 8, 177.48753055297527, 12992692224], [330.0000698566437, 8, 181.11818868484164, 13002051584], [340.0000698566437, 8, 179.1503295769548, 12959027200], [350.0000698566437, 8, 172.5325729528369, 12965556224], [360.0000698566437, 8, 178.95830491913537, 12937785344], [370.0000698566437, 8, 177.69616307147825, 12967198720], [380.0000698566437, 8, 179.29053158177547, 12966133760], [390.0000698566437, 8, 179.6626745145007, 13011243008], [400.0000698566437, 8, 178.57311209454753, 13091262464], [410.0000698566437, 8, 175.17042258290036, 13152149504], [420.0000698566437, 8, 177.72441530939614, 13190524928], [430.0000698566437, 8, 175.01075123341911, 13224075264], [440.0000698566437, 8, 178.53525613274175, 13251112960], [450.0000698566437, 8, 178.95159913276157, 13331894272], [460.0000698566437, 8, 178.9819144467783, 13349625856], [470.0000698566437, 8, 178.804750308949, 13262159872], [480.0000698566437, 8, 172.7020090302013, 13276590080], [490.0000698566437, 8, 167.20964500882016, 13293219840], [500.0000698566437, 8, 154.03964565954558, 13258563584], [510.0000698566437, 8, 141.56245997179616, 13269377024], [520.0000698566437, 8, 122.27769919262036, 13288312832], [530.0000698566437, 8, 96.51641102934613, 13297389568], [540.0000698566437, 8, 81.61931042083145, 13278928896], [550.0000698566437, 8, 56.20768552111522, 13276590080], [560.0000698566437, 8, 45.49883421838665, 13291433984], [570.0000698566437, 8, 33.89948780635045, 13297123328], [580.0000698566437, 8, 29.2520097536, 13254934528], [590.0000698566437, 8, 20.749192318815403, 13192744960], [600.0000698566437, 8, 19.537736371511077, 13164953600], [610.0000698566437, 8, 13.65720841491743, 13165764608], [620.0000698566437, 8, 11.570633424900386, 13135458304], [630.0000698566437, 8, 10.174128184138592, 13106106368], [640.0000698566437, 8, 7.269004163468125, 13105385472], [650.0000698566437, 8, 7.355682971859837, 13106208768], [660.0000698566437, 8, 8.498020619650667, 13087719424], [670.0000698566437, 8, 17.08993699371678, 13085323264], [680.0000698566437, 8, 27.06663312720569, 13092683776], [690.0000698566437, 8, 39.33374582221995, 13105872896], [700.0000698566437, 8, 55.105922770489116, 13113749504], [710.0000698566437, 8, 61.50820505809271, 13113765888], [720.0000698566437, 8, 73.31014090055083, 13141000192], [730.0000698566437, 8, 86.16379539657922, 13152034816], [740.0000698566437, 8, 99.8025298481979, 13189038080], [750.0000698566437, 8, 115.03958167917807, 13219397632], [760.0000698566437, 8, 126.7053850852545, 13247696896], [770.0000698566437, 8, 137.68347583920055, 13305626624], [780.0000698566437, 8, 143.3438178929072, 13369376768], [790.0000698566437, 8, 152.66449029445894, 13426806784], [800.0000698566437, 8, 161.75616977028164, 13428232192], [810.0000698566437, 8, 170.54105067663616, 13421330432], [820.0000698566437, 8, 175.83863216753355, 13522972672], [830.0000698566437, 8, 169.6603429020061, 13561556992], [840.0000698566437, 8, 181.62781573410885, 13644402688], [850.0000698566437, 8, 178.3426403491669, 13683331072], [860.0000698566437, 8, 175.78966795810325, 13734895616], [870.0000698566437, 8, 179.69943608949586, 13782425600], [880.0000698566437, 8, 181.5183012045648, 13824647168], [890.0000698566437, 8, 181.38727796508883, 13828562944], [900.0000698566437, 8, 178.70097349018556, 13814677504], [910.0000698566437, 8, 178.4057391307948, 13832126464], [920.0000698566437, 8, 174.21127018089533, 13854040064], [930.0000698566437, 8, 180.1761039203076, 13899235328], [940.0000698566437, 8, 173.80135345106106, 13953691648], [950.0000698566437, 8, 177.33115390796877, 13975756800], [960.0000698566437, 8, 178.75313898397616, 13945520128], [970.0000698566437, 8, 176.28782138340932, 13932879872], [980.0000698566437, 8, 178.11508006515535, 14014373888], [990.0000698566437, 8, 177.5448686340773, 14106800128], [1000.0000698566437, 8, 176.3685954758788, 14138195968], [1010.0000698566437, 8, 180.83528949559815, 14160637952], [1020.0000698566437, 8, 176.3863256766069, 14228414464], [1030.0000698566437, 8, 176.84683725712415, 14285967360], [1040.0000698566437, 8, 175.2730075716088, 14300119040], [1050.0000698566437, 8, 176.32356072323222, 14265065472], [1060.0000698566437, 8, 177.1437019685505, 14103711744], [1070.0000698566437, 8, 176.0908937618955, 14123208704], [1080.0000698566437, 8, 180.2626007607183, 14149263360], [1090.0000698566437, 8, 164.77681208131557, 14154682368], [1100.0000698566437, 8, 156.27428252346712, 14186024960], [1110.0000698566437, 8, 138.6104896011934, 14202224640], [1120.0000698566437, 8, 120.69101309312576, 14174412800], [1130.0000698566437, 8, 105.68209087893719, 14148022272], [1140.0000698566437, 8, 88.8141781032686, 14162309120], [1150.0000698566437, 8, 74.24870713302404, 14162636800], [1160.0000698566437, 8, 62.16174395900101, 14131376128], [1170.0000698566437, 8, 47.17130783380746, 14096850944], [1180.0000698566437, 8, 41.03624903635385, 14014324736], [1190.0000698566437, 8, 33.717808984628725, 13959782400], [1200.0000698566437, 8, 20.850319916717336, 13926350848], [1210.0000698566437, 8, 15.423645288399976, 13924470784], [1220.0000698566437, 8, 11.236574581079092, 13924270080], [1230.0000698566437, 8, 9.014925056428716, 13929205760], [1240.0000698566437, 8, 10.011606445126342, 13928128512], [1250.0000698566437, 8, 12.779899738293276, 13927747584], [1260.0000698566437, 8, 14.706920330202545, 13932400640], [1270.0000698566437, 8, 18.23109289164293, 13929984000], [1280.0000698566437, 8, 27.58134473257939, 13932511232], [1290.0000698566437, 8, 34.56479126571418, 13930606592], [1300.0000698566437, 8, 45.485653684760315, 13919547392], [1310.0000698566437, 8, 63.58335338101156, 13883961344], [1320.0000698566437, 8, 72.41294404324483, 13890568192], [1330.0000698566437, 8, 85.5208326946073, 13904691200], [1340.0000698566437, 8, 105.33741212387733, 13928411136], [1350.0000698566437, 8, 113.19545971999469, 13916672000], [1360.0000698566437, 8, 126.05921459477842, 13930901504], [1370.0000698566437, 8, 154.47125652397241, 14016647168], [1380.0000698566437, 8, 161.12214009293945, 14064238592], [1390.0000698566437, 8, 