{"start_time": 1742331434.621959, "data": [[4.100799560546875e-05, 0, 0.0, 0], [10.000041007995605, 0, 0.0, 2621440], [20.000041007995605, 2, 3.4268532248395345, 1406103552], [30.000041007995605, 2, 8.947674164940738, 2797764608], [40.000041007995605, 2, 18.26408863400862, 2813542400], [50.000041007995605, 2, 31.549480725136373, 2868338688], [60.000041007995605, 2, 38.688802332084215, 2908848128], [70.0000410079956, 2, 44.38208454206596, 2927845376], [80.0000410079956, 2, 45.235336781283166, 2950688768], [90.0000410079956, 2, 43.526029600387425, 2963746816], [100.0000410079956, 2, 43.676897899277165, 2955243520], [110.0000410079956, 2, 44.803448498162425, 2990014464], [120.0000410079956, 2, 44.28478283743071, 3017715712], [130.0000410079956, 2, 45.429946268980096, 3051945984], [140.0000410079956, 2, 41.569889906393705, 3064700928], [150.0000410079956, 2, 44.47439059835856, 3102830592], [160.0000410079956, 2, 47.026368816964315, 3148611584], [170.0000410079956, 2, 44.37965790166163, 3156807680], [180.0000410079956, 2, 45.599151999713825, 3122761728], [190.0000410079956, 2, 46.404119213482346, 3128078336], [200.0000410079956, 2, 44.246589826013654, 3130675200], [210.0000410079956, 2, 45.826047241683604, 3165937664], [220.0000410079956, 2, 46.628700659857344, 3182088192], [230.0000410079956, 2, 46.682185984285724, 3188404224], [240.0000410079956, 2, 45.30671994927213, 3189940224], [250.0000410079956, 2, 44.90862284529043, 3203948544], [260.0000410079956, 2, 46.10995698047985, 3269726208], [270.0000410079956, 2, 53.019577818780306, 7404982272], [280.0000410079956, 2, 84.69698629001961, 17207476224], [290.0000410079956, 12, 143.3878642083411, 17434472448], [300.0000410079956, 12, 201.96841431586546, 17602609152], [310.0000410079956, 12, 246.26376353906048, 17654259712], [320.0000410079956, 12, 256.6802114146653, 17642139648], [330.0000410079956, 12, 210.47770921618184, 17657929728], [340.0000410079956, 12, 157.64585618635928, 17651712000], [350.0000410079956, 12, 109.78520555220138, 17678225408], [360.0000410079956, 12, 72.85246857305044, 17704091648], [370.0000410079956, 12, 63.081646195269734, 13429358592], [380.0000410079956, 7, 57.75257336041505, 10534154240], [390.0000410079956, 7, 57.74012387899239, 7669309440], [400.0000410079956, 7, 50.71110679402414, 3354718208], [410.0000410079956, 3, 41.99056888805659, 3363434496], [420.0000410079956, 3, 39.52005117117124, 4734017536], [430.0000410079956, 3, 40.06464645532434, 6096437248], [440.0000410079956, 3, 40.637020812747885, 4444979200], [450.0000410079956, 3, 43.62378487425069, 4498116608], [460.0000410079956, 3, 46.50628361257857, 4530212864], [470.0000410079956, 3, 47.48857755042289, 4545769472], [480.0000410079956, 3, 47.974513110740425, 4552691712], [490.0000410079956, 3, 43.39404131219625, 5937295360], [500.0000410079956, 3, 43.88877456748431, 5947650048], [510.0000410079956, 3, 42.227371566885324, 3157360640], [520.0000410079956, 3, 36.00532885428522, 3168497664], [530.0000410079956, 3, 42.73708194964263, 3175641088], [540.0000410079956, 3, 44.311234965741704, 4522999808], [550.0000410079956, 3, 42.60891178218467, 4544458752], [560.0000410079956, 3, 45.87203726687672, 4576530432], [570.0000410079956, 3, 48.01006021479781, 7283220480], [580.0000410079956, 3, 92.35590884048297, 17193213952], [590.0000410079956, 12, 136.61890663349251, 17340219392], [600.0000410079956, 12, 196.6915465753015, 17518555136], [610.0000410079956, 12, 237.62078828750242, 17692569600], [620.0000410079956, 12, 252.95707284045483, 17706086400], [630.0000410079956, 12, 214.07542336985583, 17686020096], [640.0000410079956, 12, 142.93629396528195, 17694466048], [650.0000410079956, 12, 98.33346908006433, 17700818944], [660.0000410079956, 12, 70.63175866084974, 16265314304], [670.0000410079956, 12, 64.88124945212986, 14826856448], [680.0000410079956, 7, 64.55313563145754, 11936358400], [690.0000410079956, 7, 53.332835898192606, 6193770496], [700.0000410079956, 7, 48.02118909307748, 4661751808], [710.0000410079956, 3, 40.88070227759573, 4671004672], [720.0000410079956, 3, 38.650698750295184, 4706492416], [730.0000410079956, 3, 39.71430483179059, 4541431808], [740.0000410079956, 3, 42.157940922948775, 4554448896], [750.0000410079956, 3, 47.51380751657906, 4585496576], [760.0000410079956, 3, 49.499294825801194, 4599660544], [770.0000410079956, 3, 47.06205831888305, 4583043072], [780.0000410079956, 3, 45.08398145781093, 4591878144], [790.0000410079956, 3, 43.68937022182231, 3884830720], [800.0000410079956, 4, 41.36329718919426, 5934952448], [810.0000410079956, 4, 43.63991675697208, 4557467648], [820.0000410079956, 4, 41.21763623806351, 4579819520], [830.0000410079956, 3, 47.16422812128316, 4604985344], [840.0000410079956, 3, 52.99881000316055, 4590518272], [850.0000410079956, 3, 47.87469805818978, 4612444160], [860.0000410079956, 4, 46.06833470907717, 4635734016], [870.0000410079956, 4, 45.59549795089498, 9408077824], [880.0000410079956, 4, 77.99364516799129, 15701049344], [890.0000410079956, 12, 124.38075838229575, 15950487552], [900.0000410079956, 12, 172.6663699215094, 17486929920], [910.0000410079956, 12, 228.46797402503734, 17603747840], [920.0000410079956, 12, 234.89455426765397, 17603907584], [930.0000410079956, 12, 192.48155103271336, 17614577664], [940.0000410079956, 12, 153.9880408317994, 17597931520], [950.0000410079956, 12, 102.04579610149497, 17608294400], [960.0000410079956, 12, 73.04759177549509, 17619959808], [970.0000410079956, 12, 65.10015591790531, 17647095808], [980.0000410079956, 7, 60.72933561048288, 10500210688], [990.0000410079956, 7, 58.507318721890904, 6222114816], [1000.0000410079956, 7, 51.97116048942326, 3310854144], [1010.0000410079956, 2, 51.39905066227268, 3306700800], [1020.0000410079956, 2, 44.47234366554078, 3272151040], [1030.0000410079956, 2, 44.56002364723453, 3276001280], [1040.0000410079956, 2, 44.66750077793039, 3295727616], [1050.0000410079956, 2, 42.96434954929805, 3308388352], [1060.0000410079956, 2, 44.428555556404206, 3326410752], [1070.0000410079956, 2, 43.95114099736977, 3332804608], [1080.0000410079956, 2, 41.826120932956194, 3340382208], [1090.0000410079956, 2, 42.10792589219327, 3356540928], [1100.0000410079956, 2, 39.29933778221006, 3377217536], [1110.0000410079956, 2, 39.08411534106125, 3412357120], [1120.0000410079956, 2, 35.44167229965207, 4108402688], [1130.0000410079956, 3, 34.25892301012001, 4761194496], [1140.0000410079956, 3, 40.02102887805294, 3169804288], [1150.0000410079956, 3, 38.20502434655692, 3182985216], [1160.0000410079956, 2, 36.8306182045274, 3201028096], [1170.0000410079956, 2, 26.87843694117109, 3205738496], [1180.0000410079956, 2, 19.38682066890102, 3205619712], [1190.0000410079956, 2, 13.325559521056583, 3205439488], [1200.0000410079956, 2, 1.5549725762336502, 3205439488], [1210.0000410079956, 2, 0.001839640294767335, 1780490240], [1220.0000410079956, 1, 0.0016115069159086273, 1779654656], [1230.0000410079956, 1, 0.0014702726546140308, 1778966528], [1240.0000410079956, 1, 0.0013106319204383929, 1779224576], [1250.0000410079956, 0, 0.0009557458332268667, 0], [1260.0000410079956, 0, 0.0007375431546555098, 0], [1270.0000410079956, 0, 0.0001390015411741318, 0], [1280.0000410079956, 0, 0.0, 0], [1290.0000410079956, 0, 0.0, 0], [1300.0000410079956, 0, 0.0, 0], [1310.0000410079956, 0, 0.0, 0], [1320.0000410079956, 0, 0.0, 0], [1330.0000410079956, 0, 0.0, 0], [1340.0000410079956, 0, 0.0, 0]]}
