{"start_time": 1742327117.911453, "data": [[-0.00045299530029296875, 0, 0.0], [9.999547004699707, 0, 0.0], [19.999547004699707, 1, 0.5070735444045222], [29.999547004699707, 1, 0.3020783288942455], [39.99954700469971, 1, 0.40532151803075084], [49.99954700469971, 1, 0.29316964591115313], [59.99954700469971, 1, 0.3523052698843529], [69.9995470046997, 1, 0.0014035527114199394], [79.9995470046997, 1, 0.0013214490826354626], [89.9995470046997, 1, 0.0009452966576974529], [99.9995470046997, 1, 0.0010292425764630863], [109.9995470046997, 0, 0.0006052496901707622], [119.9995470046997, 0, 0.0003077559256143508], [129.9995470046997, 0, 0.00019582379085557634], [139.9995470046997, 0, 0.0], [149.9995470046997, 0, 0.0], [159.9995470046997, 0, 0.0], [169.9995470046997, 0, 0.0], [179.9995470046997, 0, 0.0], [189.9995470046997, 0, 0.0], [199.9995470046997, 0, 0.0], [209.9995470046997, 0, 0.0], [219.9995470046997, 0, 0.0], [229.9995470046997, 0, 0.0], [239.9995470046997, 0, 0.0], [249.9995470046997, 0, 0.0], [259.9995470046997, 1, 0.0], [269.9995470046997, 1, 0.5492794236797924], [279.9995470046997, 1, 0.834405509055369], [289.9995470046997, 1, 0.5892850376661687], [299.9995470046997, 1, 0.4620556390031039], [309.9995470046997, 1, 0.5553768843500616], [319.9995470046997, 1, 0.001290867904918076], [329.9995470046997, 1, 0.0012670722374136612], [339.9995470046997, 1, 0.0011535722225703628], [349.9995470046997, 1, 0.0009516108676137325], [359.9995470046997, 1, 0.0006368959624236084], [369.9995470046997, 1, 0.00036210344672009365], [379.9995470046997, 0, 9.253676292335176e-05], [389.9995470046997, 0, 0.0], [399.9995470046997, 0, 0.0], [409.9995470046997, 0, 0.0], [419.9995470046997, 0, 0.0], [429.9995470046997, 0, 0.0], [439.9995470046997, 0, 0.0], [449.9995470046997, 0, 0.0], [459.9995470046997, 0, 0.0], [469.9995470046997, 0, 0.0], [479.9995470046997, 0, 0.0], [489.9995470046997, 0, 0.0], [499.9995470046997, 0, 0.0], [509.9995470046997, 0, 0.0], [519.9995470046997, 0, 0.35279982006199173], [529.9995470046997, 1, 0.33538220656653356], [539.9995470046997, 1, 0.27450234218985164], [549.9995470046997, 1, 0.343756433110216], [559.9995470046997, 1, 0.26170794325640406], [569.9995470046997, 1, 0.0013179605122247374], [579.9995470046997, 1, 0.0012506017617737665], [589.9995470046997, 1, 0.0010823025341487856], [599.9995470046997, 1, 0.0008273464271223962], [609.9995470046997, 1, 0.0005738053169857854], [619.9995470046997, 0, 0.00035332256392809274], [629.9995470046997, 0, 0.0], [639.9995470046997, 0, 0.0], [649.9995470046997, 0, 0.0], [659.9995470046997, 0, 0.0], [669.9995470046997, 0, 0.0], [679.9995470046997, 0, 0.0], [689.9995470046997, 0, 0.0], [699.9995470046997, 0, 0.0], [709.9995470046997, 0, 0.0], [719.9995470046997, 0, 0.0], [729.9995470046997, 0, 0.0], [739.9995470046997, 0, 0.0], [749.9995470046997, 0, 0.0], [759.9995470046997, 0, 0.0], [769.9995470046997, 1, 0.6930736124361988], [779.9995470046997, 1, 1.0566036687885525], [789.9995470046997, 1, 0.8329557648299711], [799.9995470046997, 1, 0.7624619389400868], [809.9995470046997, 1, 0.7358539152341095], [819.9995470046997, 1, 0.0013394001374411883], [829.9995470046997, 1, 0.0012023005394864335], [839.9995470046997, 1, 0.0010661773166171066], [849.9995470046997, 1, 0.0008148918964930684], [859.9995470046997, 0, 0.0005207910946944434], [869.9995470046997, 0, 0.00030966924466513217], [879.9995470046997, 0, 0.0], [889.9995470046997, 0, 0.0], [899.9995470046997, 0, 0.0], [909.9995470046997, 0, 0.0], [919.9995470046997, 0, 0.0], [929.9995470046997, 0, 0.0], [939.9995470046997, 0, 0.0], [949.9995470046997, 0, 0.0], [959.9995470046997, 0, 0.0]]}
