{"start_time": 1742338256.788503, "data": [[0.0004971027374267578, 12, 11.163045522146907, 20961419264], [10.000497102737427, 12, 8.949362686514155, 20942725120], [20.000497102737427, 12, 3.311406554805797, 20919050240], [30.000497102737427, 12, 2.2157361460044602, 20862509056], [40.00049710273743, 12, 2.089830962144292, 20838514688], [50.00049710273743, 12, 1.4780148362376322, 20826177536], [60.00049710273743, 12, 0.3847713800932805, 20822515712], [70.00049710273743, 12, 0.018886231869630708, 20819677184], [80.00049710273743, 12, 0.01957780064682292, 20791123968], [90.00049710273743, 12, 0.019951145565701513, 20779057152], [100.00049710273743, 12, 0.020839610438332486, 20771721216], [110.00049710273743, 12, 0.020055733096644785, 20759814144], [120.00049710273743, 12, 0.018595543256745183, 20758564864], [130.00049710273743, 12, 0.01766193975188212, 20756680704], [140.00049710273743, 12, 0.016925238841668615, 20751368192], [150.00049710273743, 12, 0.01664446804014874, 20749000704], [160.00049710273743, 12, 0.01666710159332494, 20746121216], [170.00049710273743, 12, 0.017234381582773833, 20738195456], [180.00049710273743, 12, 0.017267746425316206, 20734013440], [190.00049710273743, 12, 0.018186840672028772, 20728303616], [200.00049710273743, 12, 0.0189085623268375, 20722569216], [210.00049710273743, 12, 0.019406297926269855, 20718579712], [220.00049710273743, 12, 0.022940407635936497, 19903860736], [230.00049710273743, 12, 0.032694878000767216, 17576620032], [240.00049710273743, 12, 0.06402448515568136, 10440527872], [250.00049710273743, 12, 0.06651332055790761, 8910761984], [260.0004971027374, 12, 1.1529561620279913, 8718307328], [270.0004971027374, 12, 1.2425743879810818, 7226499072], [280.0004971027374, 12, 1.2853275798582933, 5700759552], [290.0004971027374, 12, 1.2087177752828524, 4943044608], [300.0004971027374, 12, 1.1703571064440323, 4943577088], [310.0004971027374, 12, 0.03221408788909852, 4184788992], [320.0004971027374, 12, 0.03068622072997725, 3425685504], [330.0004971027374, 12, 0.02421369716824214, 3425828864], [340.0004971027374, 12, 0.025671382332848037, 3425595392], [350.0004971027374, 12, 0.02548210270996, 3424952320], [360.0004971027374, 12, 0.017875808548158324, 3424112640], [370.0004971027374, 12, 0.01693708944816639, 3423674368], [380.0004971027374, 12, 0.01654368793864052, 3424034816], [390.0004971027374, 12, 0.015496754111442744, 3422785536], [400.0004971027374, 12, 0.01591769070077493, 3421614080], [410.0004971027374, 12, 0.015094626257227708, 3421949952], [420.0004971027374, 12, 0.01559151622680332, 3421954048], [430.0004971027374, 12, 0.015644348427464188, 3421282304], [440.0004971027374, 12, 0.016898497298306427, 3420508160], [450.0004971027374, 12, 0.017769794769032867, 3421450240], [460.0004971027374, 12, 0.017567030056742473, 3421032448], [470.0004971027374, 12, 0.018670691683564302, 3421741056], [480.0004971027374, 12, 0.017860492119730974, 3420307456], [490.0004971027374, 12, 0.016779975252893764, 3419353088], [500.0004971027374, 12, 0.016836213589528127, 3419611136], [510.0004971027374, 12, 0.03110809815932512, 3463188480], [520.0004971027374, 12, 0.7853055471072417, 4711997440], [530.0004971027374, 12, 0.6998827732721801, 4711919616], [540.0004971027374, 12, 0.8782872631093213, 4712538112], [550.0004971027374, 12, 0.7228701528438236, 4713861120], [560.0004971027374, 12, 0.34086037266598324, 4134703104], [570.0004971027374, 12, 0.022858947339423744, 3556589568], [580.0004971027374, 12, 0.023624407797465597, 3556769792], [590.0004971027374, 12, 0.02256029354887964, 3556294656], [600.0004971027374, 12, 0.021241667262709985, 3556720640], [610.0004971027374, 12, 0.01701104695330066, 3556720640], [620.0004971027374, 12, 0.01665060989824206, 3556233216], [630.0004971027374, 12, 0.016167824089925106, 3556335616], [640.0004971027374, 12, 0.01609962296314512, 3556913152], [650.0004971027374, 12, 0.015086131543510605, 3555692544], [660.0004971027374, 12, 0.015465434828696752, 3556511744], [670.0004971027374, 12, 0.01562751433337341, 3556491264], [680.0004971027374, 12, 0.015694031934220184, 3554971648], [690.0004971027374, 12, 0.016441402154469438, 3553312768], [700.0004971027374, 12, 0.016773305735764934, 3553275904], [710.0004971027374, 12, 0.017672025067214634, 3554549760], [720.0004971027374, 12, 0.01720950480316063, 3553509376], [730.0004971027374, 12, 0.016832509632079273, 3553792000], [740.0004971027374, 12, 0.016331441807613242, 3553021952], [750.0004971027374, 12, 0.016262889313978086, 3553509376], [760.0004971027374, 12, 0.20492211267499497, 4201279488], [770.0004971027374, 12, 0.3997767890570173, 4845703168], [780.0004971027374, 12, 0.39109861784523714, 4846845952], [790.0004971027374, 12, 0.3927594032153455, 4846112768], [800.0004971027374, 12, 0.37681097671654784, 4845449216], [810.0004971027374, 12, 0.016365275438368035, 4845088768], [820.0004971027374, 12, 0.021034613077533702, 4269178880], [830.0004971027374, 12, 0.027585960544862106, 3691544576], [840.0004971027374, 12, 0.028045602817767534, 3690397696], [850.0004971027374, 12, 0.026732492980179188, 3689803776], [860.0004971027374, 12, 0.021351019535972963, 3690242048], [870.0004971027374, 12, 0.01603117609606494, 3690835968], [880.0004971027374, 12, 0.015341204885539776, 3689734144], [890.0004971027374, 12, 0.015907405820131226, 3687256064], [900.0004971027374, 12, 0.01601290845375556, 3688140800], [910.0004971027374, 12, 0.015270095183280338, 3687755776], [920.0004971027374, 12, 0.01627133604708765, 3686993920], [930.0004971027374, 12, 0.01643474979553809, 3687018496], [940.0004971027374, 12, 0.01591814586376476, 3687301120], [950.0004971027374, 12, 0.01747892911010215, 3687960576], [960.0004971027374, 12, 0.016810144660932072, 3687784448]]}
