{"start_time": 1742340781.776906, "data": [[9.393692016601562e-05, 12, 0.016918623485415313, 2526777344], [10.000093936920166, 12, 2.266718985211782, 6214557696], [20.000093936920166, 12, 15.392554094839873, 15182950400], [30.000093936920166, 12, 30.06928704710705, 18138046464], [40.000093936920166, 12, 41.14973340304321, 18174148608], [50.000093936920166, 12, 56.979042908395925, 18229366784], [60.000093936920166, 12, 62.432350825161926, 18266976256], [70.00009393692017, 12, 61.143385237265505, 18304053248], [80.00009393692017, 12, 63.14168726924536, 18350800896], [90.00009393692017, 12, 60.49077539642315, 18368983040], [100.00009393692017, 12, 57.88397358520686, 18402000896], [110.00009393692017, 12, 48.503237963136996, 18445578240], [120.00009393692017, 12, 44.07921618784651, 18487738368], [130.00009393692017, 12, 43.093824311025635, 18513154048], [140.00009393692017, 12, 40.96435149859848, 18528387072], [150.00009393692017, 12, 44.47684133333562, 18568945664], [160.00009393692017, 12, 47.15264097567577, 18607431680], [170.00009393692017, 12, 49.83814636124499, 18611355648], [180.00009393692017, 12, 48.65710566734461, 18638876672], [190.00009393692017, 12, 45.00011760833192, 18661801984], [200.00009393692017, 12, 44.26908070840256, 18678644736], [210.00009393692017, 12, 40.798247921137474, 18726146048], [220.00009393692017, 12, 42.0651578375949, 18747056128], [230.00009393692017, 12, 47.44493762609503, 18759565312], [240.00009393692017, 12, 48.24102453791982, 18789187584], [250.00009393692017, 12, 45.83590142644404, 18824683520], [260.00009393692017, 12, 54.69274681980071, 18877415424], [270.00009393692017, 12, 103.45516414507848, 19137241088], [280.00009393692017, 12, 141.34799458571032, 19291082752], [290.00009393692017, 12, 196.3049419295039, 19481526272], [300.00009393692017, 12, 257.6755801933963, 19653668864], [310.00009393692017, 12, 277.17862372802097, 19754102784], [320.00009393692017, 12, 249.52037997405205, 19771990016], [330.00009393692017, 12, 201.35310505052595, 19786403840], [340.00009393692017, 12, 156.7333665499857, 19777236992], [350.00009393692017, 12, 111.8760947218219, 19787165696], [360.00009393692017, 12, 80.85264880284156, 19803426816], [370.00009393692017, 12, 68.6091493351777, 19812601856], [380.00009393692017, 12, 60.08744075903987, 19818766336], [390.00009393692017, 12, 58.976536257972526, 19845578752], [400.00009393692017, 12, 53.14427611194379, 19865018368], [410.00009393692017, 12, 53.09828213392595, 19856785408], [420.00009393692017, 12, 59.24321975669314, 19807485952], [430.00009393692017, 12, 62.33848511278639, 19810856960], [440.00009393692017, 12, 64.3005537024982, 19768274944], [450.00009393692017, 12, 72.19906280037821, 19780050944], [460.00009393692017, 12, 71.39695420121944, 19808411648], [470.00009393692017, 12, 74.13316132014444, 19833540608], [480.00009393692017, 12, 69.59810310342489, 19838615552], [490.00009393692017, 12, 67.69432819534521, 19826601984], [500.00009393692017, 12, 66.24699380792306, 19829866496], [510.00009393692017, 12, 70.53674378470255, 19848450048], [520.0000939369202, 12, 72.92797268955356, 19857211392], [530.0000939369202, 12, 68.75449263365144, 19863318528], [540.0000939369202, 12, 61.9703705594464, 19880411136], [550.0000939369202, 12, 55.821560047110054, 19896479744], [560.0000939369202, 12, 63.906517563794914, 19941167104], [570.0000939369202, 12, 110.08918821690256, 20027539456], [580.0000939369202, 12, 166.19121119300488, 20125536256], [590.0000939369202, 12, 206.43420044350668, 20233003008], [600.0000939369202, 12, 269.43430876625155, 20333625344], [610.0000939369202, 12, 282.36937338483096, 20471476224], [620.0000939369202, 12, 259.5228143323775, 20477091840], [630.0000939369202, 12, 220.99215975040605, 20468514816], [640.0000939369202, 12, 165.9792317456897, 20451237888], [650.0000939369202, 12, 132.72860208407218, 20450553856], [660.0000939369202, 12, 94.56834170251945, 20452122624], [670.0000939369202, 12, 85.57753191525488, 20459552768], [680.0000939369202, 12, 89.91827513019126, 20469493760], [690.0000939369202, 12, 87.93232718090343, 20493844480], [700.0000939369202, 12, 90.01320009105068, 20514963456], [710.0000939369202, 12, 84.00659349989239, 20528406528], [720.0000939369202, 12, 85.11786128353664, 20497375232], [730.0000939369202, 12, 82.3186973394887, 20457959424], [740.0000939369202, 12, 90.95348739410271, 20388872192], [750.0000939369202, 12, 91.70587579351773, 20356116480], [760.0000939369202, 12, 98.20783818278721, 20363739136], [770.0000939369202, 12, 99.77031787372412, 20371206144], [780.0000939369202, 12, 96.21964919296346, 20376371200], [790.0000939369202, 12, 96.15470791676543, 20390858752], [800.0000939369202, 12, 94.5781013065962, 20391632896], [810.0000939369202, 12, 92.4125245591207, 20403937280], [820.0000939369202, 12, 91.7966298631571, 20420136960], [830.0000939369202, 12, 101.00547565732738, 20430155776], [840.0000939369202, 12, 99.26465745364075, 20436787200], [850.0000939369202, 12, 96.32844923938451, 20438540288], [860.0000939369202, 12, 104.03491592623598, 20487102464], [870.0000939369202, 12, 139.77070699777832, 20572942336], [880.0000939369202, 12, 185.51813267889298, 20657238016], [890.0000939369202, 12, 243.4701049241611, 20762906624], [900.0000939369202, 12, 283.77758527788086, 20881051648], [910.0000939369202, 12, 292.54553971144213, 20964241408], [920.0000939369202, 12, 270.28869904696865, 20962922496], [930.0000939369202, 12, 214.192820858241, 20923150336], [940.0000939369202, 12, 166.29688826641112, 20903149568], [950.0000939369202, 12, 129.02541398212566, 20887511040], [960.0000939369202, 12, 86.51874763912467, 20815384576], [970.0000939369202, 12, 85.08549001598014, 20822155264], [980.0000939369202, 12, 83.30894571103111, 20810162176], [990.0000939369202, 12, 73.70611111430294, 20808585216], [1000.0000939369202, 12, 77.89276285607451, 20824387584], [1010.0000939369202, 12, 80.72234513695327, 20838002688], [1020.0000939369202, 12, 77.57604314124988, 20834115584], [1030.0000939369202, 12, 84.55028558438391, 20820459520], [1040.0000939369202, 12, 88.99047887427744, 20787310592], [1050.0000939369202, 12, 93.40380718309487, 20788649984], [1060.0000939369202, 12, 94.72173944625327, 20780224512], [1070.0000939369202, 12, 88.71498181867244, 20761505792], [1080.0000939369202, 12, 83.52232106281637, 20748345344], [1090.0000939369202, 12, 84.41512317544151, 20753698816], [1100.0000939369202, 12, 81.35547051036347, 20757446656], [1110.0000939369202, 12, 81.09002769576252, 20767817728], [1120.0000939369202, 12, 76.26801581319725, 20777283584], [1130.0000939369202, 12, 77.7242518172931, 20790026240], [1140.0000939369202, 12, 83.95081313836677, 20796932096], [1150.0000939369202, 12, 95.12690446368964, 20814295040], [1160.0000939369202, 12, 92.98998133608445, 20806184960], [1170.0000939369202, 12, 69.58124931545179, 20798894080], [1180.0000939369202, 12, 48.235257983134076, 20797386752], [1190.0000939369202, 12, 25.427437499808306, 20797714432], [1200.0000939369202, 12, 3.7280009750177094, 20796489728], [1210.0000939369202, 12, 0.016201062096022508, 20795248640], [1220.0000939369202, 12, 0.01791226183316245, 20794515456], [1230.0000939369202, 12, 0.018528680764856625, 20794437632], [1240.0000939369202, 12, 0.01796832606611109, 20794298368], [1250.0000939369202, 12, 0.017342688867983888, 20792295424], [1260.0000939369202, 12, 0.016960480714149472, 20792397824], [1270.0000939369202, 12, 0.01793402500724215, 20790726656], [1280.0000939369202, 12, 0.019384225655444478, 20767391744], [1290.0000939369202, 12, 0.019006634534364145, 20759818240], [1300.0000939369202, 12, 0.01684709052967788, 20758712320], [1310.0000939369202, 12, 0.013505248559346216, 3532873728], [1320.0000939369202, 0, 0.007997066079199554, 0], [1330.0000939369202, 0, 0.0031675227545278997, 0], [1340.0000939369202, 0, 0.0007651546668070976, 0]]}
