{"start_time": 1742327117.911453, "data": [[-0.00045299530029296875, 0, 0.0, 0], [9.999547004699707, 0, 0.0, 1232896], [19.999547004699707, 1, 0.5070735444045222, 1326510080], [29.999547004699707, 1, 0.3020783288942455, 1326399488], [39.99954700469971, 1, 0.40532151803075084, 1326399488], [49.99954700469971, 1, 0.29316964591115313, 1326567424], [59.99954700469971, 1, 0.3523052698843529, 1326755840], [69.9995470046997, 1, 0.0014035527114199394, 1326944256], [79.9995470046997, 1, 0.0013214490826354626, 1326673920], [89.9995470046997, 1, 0.0009452966576974529, 1326665728], [99.9995470046997, 1, 0.0010292425764630863, 1326665728], [109.9995470046997, 0, 0.0006052496901707622, 0], [119.9995470046997, 0, 0.0003077559256143508, 0], [129.9995470046997, 0, 0.00019582379085557634, 0], [139.9995470046997, 0, 0.0, 0], [149.9995470046997, 0, 0.0, 0], [159.9995470046997, 0, 0.0, 0], [169.9995470046997, 0, 0.0, 0], [179.9995470046997, 0, 0.0, 0], [189.9995470046997, 0, 0.0, 0], [199.9995470046997, 0, 0.0, 0], [209.9995470046997, 0, 0.0, 0], [219.9995470046997, 0, 0.0, 0], [229.9995470046997, 0, 0.0, 0], [239.9995470046997, 0, 0.0, 0], [249.9995470046997, 0, 0.0, 0], [259.9995470046997, 1, 0.0, 2183168], [269.9995470046997, 1, 0.5492794236797924, 1328394240], [279.9995470046997, 1, 0.834405509055369, 1328394240], [289.9995470046997, 1, 0.5892850376661687, 1328455680], [299.9995470046997, 1, 0.4620556390031039, 1328607232], [309.9995470046997, 1, 0.5553768843500616, 1328513024], [319.9995470046997, 1, 0.001290867904918076, 1328541696], [329.9995470046997, 1, 0.0012670722374136612, 1328349184], [339.9995470046997, 1, 0.0011535722225703628, 1328353280], [349.9995470046997, 1, 0.0009516108676137325, 0], [359.9995470046997, 1, 0.0006368959624236084, 0], [369.9995470046997, 1, 0.00036210344672009365, 0], [379.9995470046997, 0, 9.253676292335176e-05, 0], [389.9995470046997, 0, 0.0, 0], [399.9995470046997, 0, 0.0, 0], [409.9995470046997, 0, 0.0, 0], [419.9995470046997, 0, 0.0, 0], [429.9995470046997, 0, 0.0, 0], [439.9995470046997, 0, 0.0, 0], [449.9995470046997, 0, 0.0, 0], [459.9995470046997, 0, 0.0, 0], [469.9995470046997, 0, 0.0, 0], [479.9995470046997, 0, 0.0, 0], [489.9995470046997, 0, 0.0, 0], [499.9995470046997, 0, 0.0, 0], [509.9995470046997, 0, 0.0, 1536000], [519.9995470046997, 0, 0.35279982006199173, 1325596672], [529.9995470046997, 1, 0.33538220656653356, 1325293568], [539.9995470046997, 1, 0.27450234218985164, 1325502464], [549.9995470046997, 1, 0.343756433110216, 1325785088], [559.9995470046997, 1, 0.26170794325640406, 1325830144], [569.9995470046997, 1, 0.0013179605122247374, 1325727744], [579.9995470046997, 1, 0.0012506017617737665, 1325834240], [589.9995470046997, 1, 0.0010823025341487856, 1325846528], [599.9995470046997, 1, 0.0008273464271223962, 1325846528], [609.9995470046997, 1, 0.0005738053169857854, 0], [619.9995470046997, 0, 0.00035332256392809274, 0], [629.9995470046997, 0, 0.0, 0], [639.9995470046997, 0, 0.0, 0], [649.9995470046997, 0, 0.0, 0], [659.9995470046997, 0, 0.0, 0], [669.9995470046997, 0, 0.0, 0], [679.9995470046997, 0, 0.0, 0], [689.9995470046997, 0, 0.0, 0], [699.9995470046997, 0, 0.0, 0], [709.9995470046997, 0, 0.0, 0], [719.9995470046997, 0, 0.0, 0], [729.9995470046997, 0, 0.0, 0], [739.9995470046997, 0, 0.0, 0], [749.9995470046997, 0, 0.0, 0], [759.9995470046997, 0, 0.0, 1540096], [769.9995470046997, 1, 0.6930736124361988, 1321615360], [779.9995470046997, 1, 1.0566036687885525, 1328197632], [789.9995470046997, 1, 0.8329557648299711, 1328136192], [799.9995470046997, 1, 0.7624619389400868, 1328611328], [809.9995470046997, 1, 0.7358539152341095, 1328504832], [819.9995470046997, 1, 0.0013394001374411883, 1328844800], [829.9995470046997, 1, 0.0012023005394864335, 1328287744], [839.9995470046997, 1, 0.0010661773166171066, 1328287744], [849.9995470046997, 1, 0.0008148918964930684, 0], [859.9995470046997, 0, 0.0005207910946944434, 0], [869.9995470046997, 0, 0.00030966924466513217, 0], [879.9995470046997, 0, 0.0, 0], [889.9995470046997, 0, 0.0, 0], [899.9995470046997, 0, 0.0, 0], [909.9995470046997, 0, 0.0, 0], [919.9995470046997, 0, 0.0, 0], [929.9995470046997, 0, 0.0, 0], [939.9995470046997, 0, 0.0, 0], [949.9995470046997, 0, 0.0, 0], [959.9995470046997, 0, 0.0, 0]]}
