{"start_time": 1742323514.741567, "data": [[0.00043320655822753906, 0, 0.0], [10.000433206558228, 0, 0.0], [20.000433206558228, 1, 0.9291416062702524], [30.000433206558228, 1, 1.2500869147183296], [40.00043320655823, 1, 2.9235738494809556], [50.00043320655823, 1, 6.715007706335428], [60.00043320655823, 1, 9.021440591136306], [70.00043320655823, 1, 14.42326216368064], [80.00043320655823, 2, 19.227845069299303], [90.00043320655823, 2, 25.70499011032854], [100.00043320655823, 2, 27.19454800859255], [110.00043320655823, 3, 37.730240273260755], [120.00043320655823, 3, 44.24074835372548], [130.00043320655823, 3, 55.74969793308373], [140.00043320655823, 6, 56.537823093589516], [150.00043320655823, 6, 64.31522067759965], [160.00043320655823, 6, 76.1206997911964], [170.00043320655823, 6, 94.09160288319109], [180.00043320655823, 6, 106.25846077247668], [190.00043320655823, 6, 122.13132959281361], [200.00043320655823, 9, 143.3342822656021], [210.00043320655823, 9, 153.05330482064292], [220.00043320655823, 9, 157.63703328748167], [230.00043320655823, 10, 169.57470105962938], [240.00043320655823, 10, 184.97827533527308], [250.00043320655823, 10, 196.64281524985154], [260.0004332065582, 11, 207.1982465149099], [270.0004332065582, 11, 224.41886268608985], [280.0004332065582, 11, 241.86791946914832], [290.0004332065582, 12, 267.0780810877535], [300.0004332065582, 12, 279.8312083020195], [310.0004332065582, 12, 289.2307617807453], [320.0004332065582, 12, 295.01422960118634], [330.0004332065582, 12, 299.4527886141457], [340.0004332065582, 12, 298.89766826693574], [350.0004332065582, 12, 298.41000106928675], [360.0004332065582, 12, 294.87882925953835], [370.0004332065582, 12, 293.7358896469103], [380.0004332065582, 12, 293.14661208279813], [390.0004332065582, 12, 297.76209961773014], [400.0004332065582, 12, 278.30386750295423], [410.0004332065582, 12, 276.63265214585317], [420.0004332065582, 12, 263.7401983469013], [430.0004332065582, 12, 244.34535651285515], [440.0004332065582, 11, 229.4090749894618], [450.0004332065582, 11, 215.33281639628183], [460.0004332065582, 11, 199.1661700574199], [470.0004332065582, 9, 179.29571763489878], [480.0004332065582, 9, 162.35450994477205], [490.0004332065582, 9, 142.0060455229417], [500.0004332065582, 7, 133.50533484034028], [510.0004332065582, 7, 123.63492531507121], [520.0004332065582, 7, 99.87354004361663], [530.0004332065582, 6, 84.50344180829731], [540.0004332065582, 6, 79.29024206046843], [550.0004332065582, 6, 69.52283148843205], [560.0004332065582, 4, 64.92628046949953], [570.0004332065582, 4, 58.370961691218284], [580.0004332065582, 4, 45.15113529825704], [590.0004332065582, 3, 38.77208217344232], [600.0004332065582, 3, 24.016954550348903], [610.0004332065582, 3, 19.982403826544754], [620.0004332065582, 2, 14.048982132664126], [630.0004332065582, 2, 12.757886742842944], [640.0004332065582, 2, 9.497107550725461], [650.0004332065582, 1, 10.198124664708033], [660.0004332065582, 1, 11.002325005884057], [670.0004332065582, 1, 13.765552047499733], [680.0004332065582, 2, 22.011723161041715], [690.0004332065582, 2, 27.029982223763596], [700.0004332065582, 2, 31.57467146295276], [710.0004332065582, 3, 37.505439419001995], [720.0004332065582, 3, 46.214639687348324], [730.0004332065582, 3, 44.973200637880296], [740.0004332065582, 8, 51.19364218653606], [750.0004332065582, 8, 57.70223851991528], [760.0004332065582, 8, 83.70299479589156], [770.0004332065582, 8, 107.43885312495438], [780.0004332065582, 8, 130.31743745214106], [790.0004332065582, 8, 150.48705183318333], [800.0004332065582, 12, 169.0620712059383], [810.0004332065582, 12, 172.10556549455924], [820.0004332065582, 12, 184.70033558545467], [830.0004332065582, 10, 192.04142682052887], [840.0004332065582, 10, 193.25804204921081], [850.0004332065582, 10, 211.35369767633455], [860.0004332065582, 12, 235.48266302802196], [870.0004332065582, 12, 241.8063828518497], [880.0004332065582, 12, 269.052916245201], [890.0004332065582, 12, 277.8457815648796], [900.0004332065582, 12, 286.6984262145185], [910.0004332065582, 12, 293.93772115928385], [920.0004332065582, 12, 297.4001807186546], [930.0004332065582, 12, 292.6283508949403], [940.0004332065582, 12, 297.65442517999696], [950.0004332065582, 12, 292.33904314501643], [960.0004332065582, 12, 299.9931572582478], [970.0004332065582, 12, 295.5929048503778], [980.0004332065582, 12, 292.64729558569286], [990.0004332065582, 12, 292.48185033161934], [1000.0004332065582, 12, 289.81427862239184], [1010.0004332065582, 12, 279.7950520675594], [1020.0004332065582, 12, 274.8838115679661], [1030.0004332065582, 12, 253.2156802067488], [1040.0004332065582, 11, 232.94944198864337], [1050.0004332065582, 11, 214.4255761255635], [1060.0004332065582, 11, 185.4648938268199], [1070.0004332065582, 9, 176.29591007922747], [1080.0004332065582, 9, 147.37513589352568], [1090.0004332065582, 9, 139.46570358538867], [1100.0004332065582, 7, 122.47389722967287], [1110.0004332065582, 7, 100.6337481007598], [1120.0004332065582, 7, 89.9661245876567], [1130.0004332065582, 6, 84.19229160905027], [1140.0004332065582, 6, 73.51422832886068], [1150.0004332065582, 6, 60.37451406119188], [1160.0004332065582, 4, 45.98209184637682], [1170.0004332065582, 4, 35.818865715749354], [1180.0004332065582, 4, 28.202428659420136], [1190.0004332065582, 3, 24.431188740466016], [1200.0004332065582, 3, 19.022217956548165], [1210.0004332065582, 3, 12.893765492992772], [1220.0004332065582, 2, 10.01599028445296], [1230.0004332065582, 2, 7.758809556829361], [1240.0004332065582, 2, 7.3204078750719415], [1250.0004332065582, 2, 9.44075065781109], [1260.0004332065582, 2, 11.466646244433086], [1270.0004332065582, 2, 12.799975036275049], [1280.0004332065582, 2, 18.905793537991958], [1290.0004332065582, 2, 22.037102118680416], [1300.0004332065582, 2, 28.822892193874136], [1310.0004332065582, 3, 33.70457357314219], [1320.0004332065582, 3, 37.10430662796744], [1330.0004332065582, 3, 45.30142281167759], [1340.0004332065582, 5, 55.90197409952985], [1350.0004332065582, 5, 73.62929067590208], [1360.0004332065582, 5, 85.22296494049279], [1370.0004332065582, 7, 98.7858010443605], [1380.0004332065582, 7, 109.36942000768337], [1390.0004332065582, 7, 111.78249742518933], [1400.0004332065582, 10, 116.02461609292057], [1410.0004332065582, 10, 120.35593942412916], [1420.0004332065582, 10, 132.45910643983612], [1430.0004332065582, 10, 144.84357450930753], [1440.0004332065582, 10, 181.4705540177961], [1450.0004332065582, 10, 210.80447073629858], [1460.0004332065582, 11, 218.50348384396688], [1470.0004332065582, 11, 229.1874270952791], [1480.0004332065582, 11, 236.94432330082628], [1490.0004332065582, 12, 240.53160212615302], [1500.0004332065582, 12, 248.09909982313567], [1510.0004332065582, 12, 263.5928041289947], [1520.0004332065582, 12, 279.548492969032], [1530.0004332065582, 12, 283.6989468826862], [1540.0004332065582, 12, 293.82986582917835], [1550.0004332065582, 12, 296.9905957597476], [1560.0004332065582, 12, 297.89845602073177], [1570.0004332065582, 12, 286.40292979670596], [1580.0004332065582, 12, 288.2240173964582], [1590.0004332065582, 12, 291.88099382215194], [1600.0004332065582, 12, 290.0136039584599], [1610.0004332065582, 12, 278.8566544956374], [1620.0004332065582, 12, 257.4043695631311], [1630.0004332065582, 12, 236.079829771898], [1640.0004332065582, 10, 227.335234169109], [1650.0004332065582, 10, 212.1457374214587], [1660.0004332065582, 10, 191.8210633273363], [1670.0004332065582, 9, 170.66665401601009], [1680.0004332065582, 9, 150.6329662737633], [1690.0004332065582, 9, 128.04997750491742], [1700.0004332065582, 7, 117.41829553346668], [1710.0004332065582, 7, 103.71549216447983], [1720.0004332065582, 7, 96.42866960997647], [1730.0004332065582, 5, 87.32845209569135], [1740.0004332065582, 5, 77.55930371340763], [1750.0004332065582, 5, 64.50991667457197], [1760.0004332065582, 4, 53.49512078528154], [1770.0004332065582, 4, 41.676022903039204], [1780.0004332065582, 4, 34.579506917860286], [1790.0004332065582, 